{"0.1": [[0.07617390155792236, 0.08973058313131332, 0.12398921698331833, 0.16086158156394958, 0.1931966245174408, 0.21671536564826965, 0.2329130619764328, 0.23846834897994995, 0.2345873862504959, 0.2275782823562622, 0.2188255786895752, 0.2125282734632492, 0.2112845927476883, 0.2152436524629593, 0.22185015678405762, 0.22649064660072327, 0.22746609151363373, 0.2257334142923355, 0.22263258695602417, 0.21901266276836395, 0.2165895253419876, 0.2165096253156662, 0.2185479998588562, 0.2216491550207138, 0.22343140840530396, 0.22253669798374176, 0.2203051894903183, 0.21788325905799866, 0.21563820540905, 0.21492083370685577, 0.21718205511569977], [0.04952334240078926, 0.038568295538425446, 0.030180929228663445, 0.03372102975845337, 0.0362941138446331, 0.029065342620015144, 0.024585504084825516, 0.022642672061920166, 0.024021431803703308, 0.02299688011407852, 0.021075861528515816, 0.020490266382694244, 0.020008711144328117, 0.01973913237452507, 0.01998819224536419, 0.01974559761583805, 0.019300125539302826, 0.018902601674199104, 0.018488995730876923, 0.018672987818717957, 0.01857190579175949, 0.018188146874308586, 0.017893562093377113, 0.017698930576443672, 0.017984503880143166, 0.01805892027914524, 0.01783394254744053, 0.01766393706202507, 0.0175754614174366, 0.017738930881023407, 0.017712989822030067]], "0.2": [[0.07617390155792236, 0.0921965017914772, 0.1398085504770279, 0.19088052213191986, 0.24079617857933044, 0.2800123393535614, 0.30419206619262695, 0.3085840344429016, 0.30111679434776306, 0.2839866280555725, 0.2645532190799713, 0.2513871490955353, 0.24572449922561646, 0.24578425288200378, 0.24952511489391327, 0.2523060739040375, 0.25417494773864746, 0.25662684440612793, 0.26136139035224915, 0.2684277594089508, 0.27583929896354675, 0.2795977294445038, 0.27949291467666626, 0.27756157517433167, 0.27585041522979736, 0.2759040892124176, 0.27729225158691406, 0.2794986069202423, 0.28186070919036865, 0.28227388858795166, 0.2807124853134155], [0.10057106614112854, 0.07747601717710495, 0.05729316547513008, 0.06937124580144882, 0.07522650063037872, 0.05409561097621918, 0.04534566029906273, 0.048646230250597, 0.043978288769721985, 0.03755547106266022, 0.03750580549240112, 0.03569981828331947, 0.03527449816465378, 0.033902861177921295, 0.032811686396598816, 0.031702958047389984, 0.030865537002682686, 0.030219851061701775, 0.02979070320725441, 0.029246632009744644, 0.0293167382478714, 0.02930501662194729, 0.02890947088599205, 0.028705164790153503, 0.02847914770245552, 0.02866405062377453, 0.02838168665766716, 0.028378700837492943, 0.02829519659280777, 0.028325887396931648, 0.02822580747306347]], "0.30000000000000004": [[0.07617392390966415, 0.08988121151924133, 0.14281399548053741, 0.2140927016735077, 0.2752717435359955, 0.3079579174518585, 0.3175458610057831, 0.3076912760734558, 0.27983570098876953, 0.24419213831424713, 0.21972182393074036, 0.21160553395748138, 0.21977324783802032, 0.2393307238817215, 0.26966145634651184, 0.29704996943473816, 0.3172914683818817, 0.3304755687713623, 0.33154046535491943, 0.3261573314666748, 0.3122103810310364, 0.2914624810218811, 0.2694751024246216, 0.24919642508029938, 0.23969340324401855, 0.24289117753505707, 0.25687122344970703, 0.27795839309692383, 0.2952585518360138, 0.3082199990749359, 0.3179439306259155], [0.15161879360675812, 0.12139063328504562, 0.08148182928562164, 0.08734964579343796, 0.09954183548688889, 0.09897022694349289, 0.08769454061985016, 0.07431939244270325, 0.06228214502334595, 0.05631543695926666, 0.0625048354268074, 0.06739362329244614, 0.062257517129182816, 0.05377135053277016, 0.052197907119989395, 0.05031618848443031, 0.04781205579638481, 0.05062427744269371, 0.053127992898225784, 0.04931199923157692, 0.044897884130477905, 0.04620186239480972, 0.04650638997554779, 0.04565435275435448, 0.04878336191177368, 0.048481155186891556, 0.04511473327875137, 0.04424996301531792, 0.0437309667468071, 0.04371889680624008, 0.04421337693929672]], "0.4": [[0.07617388665676117, 0.08730441331863403, 0.1379883885383606, 0.22724629938602448, 0.2937225103378296, 0.3249211609363556, 0.3370337188243866, 0.33405429124832153, 0.30413293838500977, 0.2574317455291748, 0.22548629343509674, 0.21486198902130127, 0.21725153923034668, 0.22932225465774536, 0.2563423216342926, 0.2936707139015198, 0.32318881154060364, 0.3380413353443146, 0.34093281626701355, 0.33261638879776, 0.3164147138595581, 0.29604247212409973, 0.27627554535865784, 0.26272401213645935, 0.2584087550640106, 0.2629026472568512, 0.273721307516098, 0.28749218583106995, 0.30076366662979126, 0.3098444938659668, 0.31332582235336304], [0.20266638696193695, 0.16838183999061584, 0.10825850069522858, 0.09962879866361618, 0.11181523650884628, 0.12316511571407318, 0.12105385214090347, 0.10442259907722473, 0.08681702613830566, 0.07395221292972565, 0.08276277035474777, 0.08917614072561264, 0.08463631570339203, 0.07462306320667267, 0.06544723361730576, 0.06563834100961685, 0.06595257669687271, 0.06487913429737091, 0.0665152296423912, 0.06450005620718002, 0.06046757847070694, 0.059002697467803955, 0.059097908437252045, 0.05966638773679733, 0.059826724231243134, 0.058634962886571884, 0.05754971504211426, 0.05670435354113579, 0.05684863030910492, 0.05730007216334343, 0.057024721056222916]], "0.5": [[0.0761738270521164, 0.08552766591310501, 0.13112910091876984, 0.22949501872062683, 0.303440660238266, 0.33432361483573914, 0.3448077440261841, 0.33844923973083496, 0.31200700998306274, 0.26774901151657104, 0.2345709651708603, 0.21649987995624542, 0.21523825824260712, 0.23469562828540802, 0.2690984308719635, 0.31003040075302124, 0.34131669998168945, 0.3543872535228729, 0.3472657799720764, 0.3285972476005554, 0.3031671643257141, 0.2781636714935303, 0.25975966453552246, 0.25179120898246765, 0.2559531033039093, 0.26894375681877136, 0.28651902079582214, 0.3022812604904175, 0.3124617636203766, 0.3164321780204773, 0.3124387860298157], [0.24733316898345947, 0.2108348309993744, 0.1365291327238083, 0.11034776270389557, 0.12522350251674652, 0.14807847142219543, 0.15672622621059418, 0.14201641082763672, 0.11145451664924622, 0.08606760948896408, 0.10238038003444672, 0.10483461618423462, 0.10193558782339096, 0.0943496972322464, 0.08435853570699692, 0.07986968010663986, 0.08352889865636826, 0.085081547498703, 0.08134253323078156, 0.07710389792919159, 0.073956698179245, 0.07449175417423248, 0.07644524425268173, 0.0761251449584961, 0.07443274557590485, 0.07172668725252151, 0.06973367929458618, 0.07087776809930801, 0.07278088480234146, 0.0720154196023941, 0.06950588524341583]]}