{"theta": [-1.5707963267948966, -1.5079644737231006, -1.4451326206513049, -1.382300767579509, -1.3194689145077132, -1.2566370614359172, -1.1938052083641213, -1.1309733552923253, -1.0681415022205296, -1.0053096491487339, -0.9424777960769379, -0.879645943005142, -0.8168140899333461, -0.7539822368615503, -0.6911503837897544, -0.6283185307179585, -0.5654866776461627, -0.5026548245743667, -0.439822971502571, -0.37699111843077504, -0.3141592653589793, -0.25132741228718336, -0.1884955592153874, -0.12566370614359168, -0.06283185307179573, 2.220446049250313e-16, 0.06283185307179595, 0.1256637061435919, 0.18849555921538785, 0.2513274122871836, 0.31415926535897953, 0.37699111843077526, 0.4398229715025712, 0.5026548245743672, 0.5654866776461631, 0.6283185307179586, 0.6911503837897546, 0.7539822368615505, 0.8168140899333465, 0.8796459430051424, 0.9424777960769379, 1.0053096491487339, 1.0681415022205298, 1.1309733552923258, 1.1938052083641217, 1.2566370614359177, 1.3194689145077132, 1.3823007675795091, 1.445132620651305, 1.507964473723101, 1.5707963267948966], "time": [1e-05, 1e-05, 1e-05, 1e-05, 1e-05, 1e-05, 1e-05, 1e-05, 1e-05, 1e-05, 1e-05, 1e-05, 1e-05, 1e-05, 1e-05, 1e-05, 1e-05, 1e-05, 1e-05, 1e-05, 1e-05, 1e-05, 1e-05, 1e-05, 1e-05, 1e-05, 1e-05, 1e-05, 1e-05, 1e-05, 1e-05, 1e-05, 1e-05, 1e-05, 1e-05, 1e-05, 1e-05, 1e-05, 1e-05, 1e-05, 1e-05, 1e-05, 1e-05, 1e-05, 1e-05, 1e-05, 1e-05, 1e-05, 1e-05, 1e-05, 1e-05], "Cm": [-0.8316956, -0.8223575, -0.8092222, -0.7924512, -0.7722362, -0.748801, -0.7224378, -0.6934311, -0.6620632, -0.6286048, -0.5932886, -0.5563081, -0.5178, -0.4778249, -0.4365347, -0.3942158, -0.3512235, -0.3079671, -0.2647326, -0.221747, -0.1790938, -0.1367291, -0.09463401, -0.05274162, -0.01096525, 0.03080711, 0.0728232, 0.1151108, 0.1577672, 0.2009078, 0.2446344, 0.2888682, 0.3333338, 0.3775109, 0.4209332, 0.4631963, 0.5041248, 0.5437112, 0.5819033, 0.6185624, 0.6534783, 0.6863971, 0.7170134, 0.7450109, 0.7700843, 0.7919545, 0.8103698, 0.8251018, 0.8359521, 0.8428009, 0.8455645], "Cd": [-0.4181686, -0.40982, -0.3994474, -0.3871691, -0.3731179, -0.3574449, -0.3403297, -0.321953, -0.3024921, -0.2821179, -0.2609766, -0.2391914, -0.2168508, -0.194, -0.1707237, -0.1471789, -0.1235627, -0.1001032, -0.07696163, -0.05426642, -0.03199623, -0.01028577, 0.01088443, 0.03160287, 0.05193429, 0.0719444, 0.09178334, 0.1114326, 0.13074, 0.1501307, 0.1695131, 0.1888407, 0.2079994, 0.2267713, 0.2449831, 0.2624856, 0.2792131, 0.2951677, 0.3103228, 0.3246211, 0.3379746, 0.3502784, 0.3614116, 0.371249, 0.3796735, 0.3865853, 0.3918929, 0.3955177, 0.3973943, 0.397492, 0.3957932], "Cl": [-1.578666, -1.573804, -1.561682, -1.542434, -1.516269, -1.483453, -1.444362, -1.399392, -1.348967, -1.293526, -1.233478, -1.169203, -1.101011, -1.029116, -0.9537994, -0.875493, -0.7947159, -0.7120982, -0.6281321, -0.5433093, -0.4579218, -0.3720763, -0.2859169, -0.1995229, -0.112872, -0.02592028, 0.06153837, 0.1495277, 0.2381069, 0.3273367, 0.4173348, 0.5078413, 0.5983423, 0.6878583, 0.7755294, 0.8606447, 0.9428662, 1.022136, 1.098326, 1.171183, 1.240315, 1.305255, 1.365449, 1.42032, 1.469325, 1.511961, 1.547786, 1.576415, 1.597525, 1.610906, 1.616426], "Cl(f)": [-1.621029, -1.60926, -1.590063, -1.563668, -1.530371, -1.490527, -1.444619, -1.393127, -1.336547, -1.275368, -1.210028, -1.14091, -1.068305, -0.9923828, -0.9134344, -0.8319622, -0.7485815, -0.6640162, -0.5787986, -0.4934016, -0.4080547, -0.3227673, -0.2375925, -0.1525031, -0.06740123, 0.01784697, 0.1035924, 0.1898746, 0.2768206, 0.3645762, 0.4533018, 0.5427889, 0.6325049, 0.72144, 0.8086979, 0.8935187, 0.9755579, 1.054779, 1.131066, 1.204154, 1.273636, 1.339025, 1.399738, 1.455171, 1.504747, 1.547935, 1.584263, 1.613309, 1.634715, 1.648254, 1.653778], "Cl(r)": [0.0423625, 0.03545532, 0.02838114, 0.02123415, 0.01410187, 0.007074622, 0.0002570383, -0.006264788, -0.01242036, -0.01815837, -0.02345034, -0.02829331, -0.03270532, -0.03673306, -0.04036504, -0.04353072, -0.04613444, -0.04808203, -0.04933347, -0.04990766, -0.04986707, -0.04930898, -0.04832444, -0.04701984, -0.04547073, -0.04376725, -0.04205402, -0.04034691, -0.03871375, -0.03723948, -0.03596701, -0.0349476, -0.03416263, -0.03358178, -0.03316849, -0.03287395, -0.03269171, -0.03264317, -0.03274036, -0.03297087, -0.03332056, -0.0337695, -0.03428904, -0.03485068, -0.03542193, -0.0359742, -0.03647657, -0.03689457, -0.03718952, -0.03734776, -0.03735145]}